road,daily_vehicles_2023,target_peak_hour,simulated_peak_hour,geh,used_for
N11,19487,1754,1678,1.83,fit
N537,22109,1990,45,60.97,check
N237,21768,1959,1623,7.94,fit
N11,19487,1754,1811,1.35,fit
N237,12502,1125,14,46.56,fit
N237,21768,1959,1910,1.12,fit
N237,35202,3168,2375,15.07,fit
N237,21768,1959,1732,5.29,fit
N237,11430,1029,1171,4.29,fit
N137,37575,3382,2626,13.79,check
N137,37575,3382,2918,8.26,check
N237,35202,3168,1824,26.9,fit
N237,35202,3168,1582,32.55,fit
N237,21768,1959,1580,9.01,fit
N237,35202,3168,2127,20.23,fit
N537,9648,868,456,16.02,check
N11,19487,1754,1807,1.26,fit
N11,20635,1857,1084,20.16,fit
N137,18137,1632,1861,5.47,check
N237,12502,1125,1020,3.21,fit
N237,12502,1125,1037,2.68,fit
N237,12502,1125,1035,2.74,fit
N137,37575,3382,1467,38.89,check
N11,19487,1754,1778,0.58,fit
N137,37575,3382,2111,24.25,check
D104E2,6138,552,46,29.28,fit
D104,6980,628,553,3.09,check
D9,14140,1273,1031,7.12,check
D9,14140,1273,1029,7.18,check
D104,6980,628,524,4.34,check
D106,5240,472,20,28.8,check
N137,37575,3382,2695,12.46,check
N137,37575,3382,2380,18.66,check
D108,6771,609,936,11.75,check
D108,6771,609,976,13.02,check
D104,7912,712,153,26.88,check
D9,7918,713,149,27.15,check
D106E4,5240,472,22,28.62,fit
D108E1,9120,821,137,31.25,check
D108E1,4761,428,603,7.68,check
N537,11055,995,594,14.22,check
D104E2,6138,552,100,25.05,fit
D104E2,6138,552,112,24.16,fit
N237,12502,1125,597,18.0,fit
N11,19487,1754,1810,1.33,fit
N11,19487,1754,1799,1.07,fit
N11,19487,1754,1808,1.28,fit
D735,18575,1672,441,37.87,check
D108E1,4761,428,603,7.68,check
D108E1,5240,472,387,4.08,check
D263,5608,505,63,26.22,check
D108E4,3494,314,317,0.14,fit
D108E4,2330,210,333,7.49,fit
D108E4,2330,210,338,7.75,fit
D939,6939,625,1064,15.13,check
D939,13878,1249,1058,5.62,check
